{"cameraMode":{"drawMode":0,"name":"Shaded","section":"Shading Mode"},"sceneLighting":false,"audioPlay":false,"sceneViewState":{"showFog":true,"showMaterialUpdate":false,"showSkybox":false,"showFlares":true,"showImageEffects":true,"showParticleSystems":true},"in2DMode":false,"pivot":{"x":0.003693103790283203,"y":-0.0020003318786621095,"z":-0.09289979934692383},"rotation":{"x":0.10168014466762543,"y":0.7133638262748718,"z":-0.10585256665945053,"w":0.68525230884552},"size":3.063499927520752,"orthographic":false}