{"cameraMode":{"drawMode":0,"name":"Shaded","section":"Shading Mode"},"sceneLighting":false,"audioPlay":false,"sceneViewState":{"showFog":true,"showMaterialUpdate":false,"showSkybox":true,"showFlares":true,"showImageEffects":true,"showParticleSystems":true},"in2DMode":false,"pivot":{"x":-17.32686996459961,"y":-10.3684663772583,"z":-61.063392639160159},"rotation":{"x":0.030883897095918657,"y":0.8928777575492859,"z":-0.44494685530662539,"w":0.06197662651538849},"size":13.941071510314942,"orthographic":false}